precinct,tree_count,area_ha,near_term_trees,near_term_share,near_term_cost_aud,near_term_cost_per_ha,near_term_trees_per_ha,scheduled_cost_aud,not_assessed_cost_aud,avg_hvi_score,hvi_classified_share,near_term_clustered_share,not_assessed_share,imputed_dbh_share,low_confidence,pct_cost_density,pct_near_term_share,pct_heat,cliff_index,cliff_rank
Kensington,7555,286.53,639,0.0846,939000.0,3277.14,2.23,9504200.0,335400.0,1.85,0.8786,0.4131,0.0903,0.4335,False,0.8462,0.8462,0.6923,79.5,1.0
Carlton,4368,323.94,285,0.0652,652600.0,2014.57,0.88,6679000.0,492200.0,2.71,0.8457,0.0456,0.1163,0.2717,False,0.6923,0.5385,1.0,74.4,2.0
Carlton North,2323,126.82,233,0.1003,585400.0,4615.99,1.84,4256800.0,172600.0,1.01,1.0,0.2232,0.1072,0.3091,False,1.0,1.0,0.0769,69.2,3.0
North Melbourne,4715,244.69,246,0.0522,429400.0,1754.87,1.01,6377800.0,499000.0,2.7,0.9688,0.0,0.1264,0.4159,False,0.5385,0.3846,0.9231,61.5,4.0
South Yarra,2631,250.58,228,0.0867,493400.0,1969.03,0.91,4412000.0,208800.0,1.01,1.0,0.1535,0.0935,0.16,False,0.6154,0.9231,0.1538,56.4,5.0
Parkville,28567,428.57,1712,0.0599,1943000.0,4533.68,3.99,21118000.0,8894600.0,1.23,1.0,0.5707,0.3446,0.7321,False,0.9231,0.4615,0.3077,56.4,6.0
Docklands,5816,439.32,452,0.0777,511800.0,1164.98,1.03,4958600.0,697200.0,1.75,1.0,0.3739,0.1515,0.3829,False,0.4615,0.6923,0.5385,56.4,7.0
East Melbourne,4506,305.19,333,0.0739,837000.0,2742.55,1.09,6206000.0,1664000.0,1.17,1.0,0.015,0.2967,0.5739,False,0.7692,0.6154,0.2308,53.8,8.0
Melbourne,9063,950.43,427,0.0471,894600.0,941.26,0.45,13328200.0,1265600.0,1.49,1.0,0.0632,0.1176,0.4076,False,0.3846,0.3077,0.4615,38.5,9.0
Port Melbourne,2623,360.09,66,0.0252,70200.0,194.95,0.18,2020000.0,546000.0,2.0,1.0,0.0,0.308,0.6695,False,0.0769,0.1538,0.8462,35.9,10.0
Flemington,510,158.48,40,0.0784,44400.0,280.16,0.25,501800.0,30400.0,1.0,1.0,0.0,0.1333,0.5588,False,0.2308,0.7692,0.0,33.3,11.0
Southbank,2338,202.92,44,0.0188,52600.0,259.22,0.22,2632200.0,104000.0,1.99,0.9033,0.0,0.0804,0.4376,False,0.1538,0.0769,0.7692,33.3,11.0
West Melbourne,6756,400.0,231,0.0342,334000.0,835.0,0.58,7902600.0,892400.0,1.44,0.999,0.2381,0.1384,0.6792,False,0.3077,0.2308,0.3846,30.8,13.0
North And West Melbourne,113,638.56,0,0.0,0.0,0.0,0.0,46000.0,0.0,1.84,0.9912,,0.0,1.0,False,0.0,0.0,0.6154,20.5,14.0
Central City,26,147.73,0,0.0,0.0,0.0,0.0,10400.0,0.0,2.46,1.0,,0.0,1.0,True,,,,,
Fishermans Bend,61,178.92,0,0.0,0.0,0.0,0.0,24400.0,0.0,2.0,1.0,,0.0,1.0,True,,,,,
Princes Hill,65,6.6,9,0.1385,25200.0,3818.18,1.36,155400.0,0.0,1.98,1.0,0.3333,0.0,0.4,True,,,,,
